<?xml version="1.0" encoding="utf-8"?>
<ApplicationInstallerManifest>
   <DefaultInstallationDirectory>/Applications/Parabole_plot/</DefaultInstallationDirectory>
   <ApplicationName>Parabole_plot</ApplicationName>
   <ExecutableName>application/Parabole_plot.exe</ExecutableName>
   <GUID>cbabb556-8ce5-4ff6-9fa8-cc35b5c7302a</GUID>
   <ApplicationIcon>default_icon_48.png</ApplicationIcon>
   <Logo>default_logo.png</Logo>
   <Version>1.0</Version>
   <InstallationNotes>In the following directions, replace MCR_ROOT by the directory where the MATLAB Runtime is installed on the target machine.

If the environment variable DYLD_LIBRARY_PATH is undefined, set it to the concatenation of the following strings:

    MCR_ROOT/v92/runtime/maci64:
    MCR_ROOT/v92/sys/os/maci64:
    MCR_ROOT/v92/bin/maci64

If it is defined, set it to the concatenation of these strings:

    ${LD_LIBRARY_PATH}: 
    MCR_ROOT/v92/runtime/maci64:
    MCR_ROOT/v92/sys/os/maci64:
    MCR_ROOT/v92/bin/maci64</InstallationNotes>
   <WelcomePanelText>Parabole_plot 1.0
Matteo Ciprian</WelcomePanelText>
   <MCRProducts>
      <MCRProduct>
         <ExternalProductIdentifier>35000</ExternalProductIdentifier>
      </MCRProduct>
      <MCRProduct>
         <ExternalProductIdentifier>35010</ExternalProductIdentifier>
      </MCRProduct>
   </MCRProducts>
</ApplicationInstallerManifest>